#,Title (EN),Title (SI),Volumes Count,Sentence/Pattern Count
1,"Just Start Talking: Your English Confidence Kit","කතා කරන්න පටන් ගනිමු: ඉංග්‍රීසි ගැන විශ්වාසය ගොඩනඟන අත්වැල",9,2888
2,"Everyday English: Foundations for Real Life","එදිනෙදා ඉංග්‍රීසි - ඕනෑම තැනකදී ගේම ගහන්න මූලික අඩිතාලම",8,2200
3,"Getting Things Done: Banks, Clinics, Hotels & Travel","ඕනෑම තැනකදී තනියම වැඩේ කරගන්න අවශ්‍ය සියලුම ඉංග්‍රීසි!",8,2602
4,"Working Abroad: Visas, Interviews & Jobs","රට යන්න ලෑස්ති වෙන ඔබ දැනගෙන යායුතුම ඉංග්‍රීසි!",9,5500 
5,"Digital Life, AI & Modern World","ඩිජිටල් ජීවිතය, AI සහ නූතන ලෝකයට නැතුවම බැරි ඉංග්‍රීසි",7,2076
6,"Love, Flirting & Social Confidence","ආදර වන්තයන්ට නැතුවම බැරි ඉංග්‍රීසි",8,1600
7,"Standing Your Ground: Conflict, Safety & Respect","කැපිලි, කෙටිලි වලට ඉංග්‍රීසියෙන්ම උත්තර!",6,1400
8,"Real Talk (18+): Slang, Swearing & Street Register","ශුද්ධ ඉංග්‍රීසි (18+): කෙටි යෙදුම්, කුණුහරුප සහ සූක්ෂම වචන",5,1200
9,"Raising Kids in English: Family & Parenting","පුංචි පැටව් එක්ක ඉංග්‍රීසි - ආදරණීය දෙමාපියන්ට",4,1200
10,"Silver Surfers: Essential English for Everyday Life","වැඩිහිටි අපට: අත්‍යාවශ්‍ය එදිනෙදා ඉංග්‍රීසි",5,900